C1 C4 C10 C12 C13 C14 C16 C17 C18 C19 C20 C21 C22 ,13,"100n","Capacitor_SMD:C_0402_1005Metric","","cap-cer-0402-100n","ANY","","","","","","","","",""
C15 C23 ,2,"4.7uF","Capacitor_SMD:C_0402_1005Metric","~","","","","","","","","Yageo","CC0402KRX5R6BB475","",""
C2 C3 C5 C8 C11 C35 C36 C37 C38 C39 C40 C41 C42 C43 ,14,"0.1uF","Capacitor_SMD:C_0402_1005Metric","~"
C24 C28 C29 ,3,"10uF","Capacitor_SMD:C_0603_1608Metric","~","","","","","","","","Yageo","CC0603KRX5R5BB106","",""
C25 C30 C31 ,3,"1uF","Capacitor_SMD:C_0402_1005Metric","~","","","","","","","","Yageo","CC0402KRX5R6BB105","",""
C26 C27 ,2,"6.8pF","Capacitor_SMD:C_0402_1005Metric","~","","","","","","","","Yageo","CC0402CRNPO9BN6R8","",""
C32 C33 C34 ,3,"DNP","Capacitor_SMD:C_0603_1608Metric","","cap-cer-0603-10u","ANY","YES","","","","","","","",""
C6 C7 C9 ,3,"4u7","Capacitor_SMD:C_0603_1608Metric","","cap-cer-0402-4u7","ANY","","","","","","","","",""
D1 D4 ,2,"GRN","LED_SMD:LED_0603_1608Metric","","led-0603-grn","ANY","","","","","","","","",""
D11 ,1,"LED_RGB","pkl_led:LED_Cree_PLCC6_3.4x3.4mm","~","","","YES","CLX6F-FKC","Cree","","","","","",""
D3 ,1,"BLU","LED_SMD:LED_0603_1608Metric","","led-0603-blu","ANY","","","","","","","","",""
D5 ,1,"RED","LED_SMD:LED_0603_1608Metric","","led-0603-red","ANY","","","","","","","","",""
J20 ,1,"Flash","Connector_PinHeader_2.54mm:PinHeader_1x07_P2.54mm_Vertical","~","conn-th-01in-7-1-hdr","ANY","","","","","","","","",""
J21 J23 J27 ,3,"PMOD","gsd-footprints:PMOD_Angled_2x06","~","conn-th-01in-6-2-rec-ra","ANY","","","","","","","","",""
J22 J26 ,2,"5V AUX","Connector_PinHeader_2.54mm:PinHeader_2x01_P2.54mm_Vertical","~","conn-th-01in-2-1-hdr","ANY","","","","","","","","",""
J24 ,1,"USB_C_Receptacle_USB2.0","Connector_USB:USB_C_Receptacle_HRO_TYPE-C-31-M-12","https://www.usb.org/sites/default/files/documents/usb_type-c.zip"
J25 ,1,"RGB Led","Connector_PinHeader_2.54mm:PinHeader_2x04_P2.54mm_Vertical","~","conn-th-01in-4-2-hdr","ANY","","","","","","","","",""
J28 ,1,"CRESET","Connector_PinHeader_2.54mm:PinHeader_2x01_P2.54mm_Vertical","~","conn-th-01in-2-1-hdr","ANY","YES","","","","","","","",""
L1 L2 ,2,"600","Inductor_SMD:L_0402_1005Metric","","ferrite-0402-600","ANY","","","","","","","","",""
L3 L4 ,2,"2.2uH","Inductor_SMD:L_0805_2012Metric","~","","","","","","","","Sunltech Tech","SLM20122R2MIT","",""
P2 P3 P4 P5 ,4,"UP","pkl_pads:PAD_SMD_1x2.65","","","ANY","","","","","","","","",""
P6 ,1,"RAM_CS","pkl_pads:PAD_SMD_1x1.5","","","ANY","","","","","","","","",""
R1 ,1,"1M","Resistor_SMD:R_0402_1005Metric","","res-0402-1m","ANY","","","","","","","","",""
R10 ,1,"210k","Resistor_SMD:R_0402_1005Metric","~","","","","","","","","Yageo","RC0402FR-07210KL","1%",""
R2 R11 ,2,"10k","Resistor_SMD:R_Array_Convex_4x0402","~"
R20 ,1,"1k","Resistor_SMD:R_0402_1005Metric","","res-0402-10k","ANY","","","","","","","","",""
R21 R22 ,2,"5.1k","Resistor_SMD:R_0402_1005Metric","~"
R23 ,1,"47k","Resistor_SMD:R_0402_1005Metric","~","","","","","","","","Yageo","RC0402FR-0747KL","",""
R24 ,1,"84k5","Resistor_SMD:R_0402_1005Metric","~","","","","","","","","Yageo","RC0402FR-0784K5L","1%",""
R26 ,1,"100k","Resistor_SMD:R_0402_1005Metric","~","","","","","","","","Yageo","RC0402FR-07100KL","1%",""
R3 R4 R7 R16 R17 R18 R27 ,7,"33R","Resistor_SMD:R_Array_Convex_4x0402","~"
R5 R14 R15 ,3,"330E","Resistor_SMD:R_0402_1005Metric","","res-0402-330","ANY","","","","","","","","",""
R6 R12 ,2,"2k2","Resistor_SMD:R_0402_1005Metric","","res-0402-2k2","ANY","","","","","","","","",""
R8 ,1,"12k","Resistor_SMD:R_0402_1005Metric","","res-0402-12k","ANY","","","","1% current reference","","","","",""
R9 R13 R19 R25 ,4,"10k","Resistor_SMD:R_0402_1005Metric","","res-0402-10k","ANY","","","","","","","","",""
SW1 ,1,"TACT","Button_Switch_SMD:SW_SPST_PTS810","","sw-tact-top-3x4x25","","","","","","","","","",""
U1 ,1,"93C46B-SOT-23-6","Package_TO_SOT_SMD:SOT-23-6","http://ww1.microchip.com/downloads/en/DeviceDoc/20001749K.pdf","eeprom-sot23-6-93c46b","ANY","","93C46B","","EEPROM 1KBit 2MHz SOT-23-6","","","","",""
U10 ,1,"IS66WVH16M8ALL","gsd-footprints:BGA-24_8.0x6.0mm_Layout5x5_P0.8mm_Pad0.35mm_NSMD","","","","","","","","","ISSI, Integrated Silicon Solution Inc","IS66WVH16M8ALL-166B1LI","","706-1548-ND"
U2 ,1,"FT2232H","Package_DFN_QFN:QFN-64-1EP_9x9mm_P0.5mm_EP4.35x4.35mm","https://www.ftdichip.com/Support/Documents/DataSheets/ICs/DS_FT2232H.pdf"
U3 ,1,"W25Q32JVSS","Package_SO:SOIC-8_5.23x5.23mm_P1.27mm","http://www.winbond.com/resource-files/w25q32jv%20revg%2003272018%20plus.pdf"
U4 U5 ,2,"TLV62569DRL","Package_TO_SOT_SMD:SOT-666","http://www.ti.com/lit/ds/symlink/tlv62569.pdf","","","","","","","","Texas Instruments","TLV62569DRLR","",""
U6 ,1,"TLV713285PDBV","Package_TO_SOT_SMD:SOT-23-5","http://www.ti.com/lit/ds/symlink/tlv713p.pdf"
U7 ,1,"12MHz","Package_TO_SOT_SMD:SOT-23-5","","xtal-sot23-5-12mhz-osc","ANY","","","","","","","","",""
U8 ,1,"ECP5U-12-CABGA256","Package_BGA:BGA-256_14.0x14.0mm_Layout16x16_P0.8mm_Ball0.45mm_Pad0.32mm_NSMD","","","","","","","","ECP5U_12","","","",""
U9 ,1,"LY68L6400SLIT","Package_SO:SOIC-8_3.9x4.9mm_P1.27mm","http://www.winbond.com/resource-files/w25q32jv%20revg%2003272018%20plus.pdf"